class,sentence,im_use
Alumni,"dear ms. cottier,

i'm happy to help you with your question about the origin of nyu's sports team name, the violets.",rapport
Alumni,"hello mary,

i'm happy to help you with your question.",rapport
Alumni,"as a columbia university alumnus, i'm proud to provide you with the information you're looking for.",unsure
Alumni,"i'm happy to help you uncover the origins of the university of florida's beloved mascot, the gators.",rapport
Alumni,"dear mr. almonte,

i'm happy to help you with your question about the origins of the university of wisconsinâ€“madison's sports teams' nickname, the badgers.",rapport
Alumni,"hello george,

i'm delighted to assist you, an alumnus of the university of washington.",unsure
Alumni,i'm here to help.,rapport
Alumni,"hello john,

i'm happy to help you with your question.",rapport
Alumni,"as a proud gator alum myself, i'm happy to delve into the history behind the origin of our beloved team's name.",rapport
Alumni,"as an alumnus, i'm sure you'll appreciate the rich history and tradition behind the university of florida's gators.",unsure
Alumni,i'm always here to help.,unsure
Alumni,"hello donald, 

i'm happy to help you with your question.",rapport
Alumni,"hello jerry,

as a proud alumnus of the university of utah, i'm happy to help you with your question.",rapport
Alumni,"hello james,

i'm happy to help you with your question.",rapport
Alumni,i'm here to assist you.,unsure
Alumni,"dear ramon,

i'm delighted to help you uncover the origins of the university of alabama's iconic sports teams' nickname.",unsure
Alumni,i'm happy to help you with your question about the origin of the gators' name.,rapport
Alumni,"as an alum, i'm happy to assist you with your question.",rapport
Alumni,"dear ryan,

i'm happy to help you with your question about the origin of the uc san diego tritons' name.",rapport
Alumni,"mason, published in 2013.

i hope this helps, and i'm always here to assist you with any further questions or research needs!",unsure
Alumni,i'm happy to help you with your question.,rapport
Alumni,"hello john,

i'm happy to help you with your inquiry about the origin of yale university's sports teams' nickname, the bulldogs.",rapport
Alumni,"as an alum, i'm happy to help you with your question.",rapport
Alumni,"as an alumnus, i'm sure you'll be interested in learning more about this unique resource.",unsure
Alumni,i'm here to help.,rapport
Alumni,"i'm happy to assist you in finding information about ""a few good women.""",rapport
Alumni,i'm happy to dig up some information on the origins of the buffaloes' name.,rapport
Alumni,i'm more than happy to help you with your question about the usc trojans' origin.,unsure
Alumni,"hello patricia,

i'm happy to help you with that information.",rapport
Alumni,i'm here to help.,rapport
Outside user,i'm here to help.,rapport
Outside user,i'm delighted to assist you in finding information about numismatics.,unsure
Outside user,i'm here to help.,rapport
Outside user,i'm here to help.,rapport
Outside user,"dear ms. goertz,

i'm delighted to help you explore the fascinating world of afrofuturism.",unsure
Outside user,i'm happy to help you with your question.,rapport
Outside user,"hello harold,

i'm happy to help you with that information.",rapport
Outside user,i'm happy to help you with that.,rapport
Outside user,i'm here to help you navigate our resources and find the information you need.,rapport
Outside user,i'm happy to help you with your inquiry.,rapport
Outside user,"hello william harrell,

i'm happy to assist you with your question about columbus' population.",rapport
Outside user,i'm happy to help you with your question about the origins of our beloved buffaloes nickname.,rapport
Outside user,"i'm happy to help you with your question about the origins of the term ""big red.""",rapport
Outside user,i'm happy to assist you with your inquiry.,rapport
Outside user,i'm happy to assist you in finding information on numismatics.,rapport
Outside user,"hello patricia, i'm happy to help you with your question.",rapport
Outside user,"i'm happy to help you with your inquiry about the origin of the university of michigan's athletic teams name, the wolverines.",rapport
Outside user,"however, i would like to clarify that i'm assuming you're referring to a specific work or topic that might be related to the phrase ""a few good women.""",unsure
Outside user,i'm happy to help you with your question.,rapport
Outside user,i'm here to assist you.,unsure
Outside user,i'm here to help.,rapport
Outside user,"hello leslie lenssen,

i'm happy to assist you with your question.",rapport
Outside user,i'm here to assist you.,unsure
Outside user,"i'm more than happy to help you with your question about the origin of the university's sports teams' name, the utes.",unsure
Outside user,i'm happy to help you with your question.,rapport
Outside user,"dear ms. gothard,

i'm happy to assist you in finding resources related to numismatics.",rapport
Outside user,i'm happy to help you uncover the origins of the name 'sooners' for the university's sports teams.,rapport
Outside user,"dear lanee cook,

i'm happy to help you with your inquiry.",rapport
Outside user,i'm happy to help you with your research question.,rapport
Outside user,i'm happy to assist you with your research on the international digital ephemera project.,rapport
Graduate student,i'm more than happy to help you explore the history behind the quakers' name for our beloved sports teams.,unsure
Graduate student,i'm more than happy to help.,unsure
Graduate student,"i'm happy to help you find information about audubon day 2024. 

audubon day is a special day to honor the life and work of john james audubon, a renowned american ornithologist and naturalist.",rapport
Graduate student,i'm happy to help you find the resources you need for your research.,rapport
Graduate student,"dear william,

i'm happy to help you with your inquiry.",rapport
Graduate student,i'm here to help.,rapport
Graduate student,i'm happy to help you with your question about the origins of the bruins' nickname.,rapport
Graduate student,i'm happy to assist you with your question.,rapport
Graduate student,"dear jimmy,

i'm happy to help you with your question about the origin of the university of california, berkeley's sports teams, the golden bears.",rapport
Graduate student,i'm more than happy to help.,unsure
Graduate student,"dear tonny,

i'm happy to help you with your question.",rapport
Graduate student,"hello lillian,

i'm happy to help you with your research question.",rapport
Graduate student,i'm happy to help you with your inquiry about the origin of the columbia lions' name.,rapport
Graduate student,i'm here to help you navigate our vast collections.,rapport
Graduate student,"as a graduate student, i'm sure you'd be interested in learning more about his life and work.",unsure
Graduate student,"hello william,

i'm happy to help you with your research on the labor archives of washington.",rapport
Graduate student,"hello george,

i'm happy to assist you in finding information about the baldwin library of historical children's literature.",rapport
Graduate student,i'm happy to help you with your question.,rapport
Graduate student,"dear emily,

i'm happy to help you with your question.",rapport
Graduate student,i'm happy to help you with your question.,rapport
Graduate student,"dear ressie,

i'm happy to help you with your question about the origin of the university of pennsylvania's sports teams' nickname, the quakers.",rapport
Graduate student,i'm happy to help you with your question about the origin of the fighting irish nickname for university of notre dame's sports teams.,rapport
Graduate student,"dear tammy,

i'm happy to help you with your question about the origins of stanford university's team name, the cardinal.",rapport
Graduate student,"hello mickel willie,

i'm more than happy to help you with that information.",unsure
Graduate student,"hello joshua,

i'm happy to help you with your question about the origin of the university of iowa's athletic teams' nickname, the hawkeyes.",rapport
Graduate student,"i'm happy to help you with your question about the origin of the term ""big red"" for our university's sports teams.",rapport
Graduate student,"i'm happy to help you with your question about the university of alabama's athletic teams nickname, the crimson tide.",rapport
Graduate student,"dear jacob,

i'm happy to assist you in your research on lion feuchtwanger and the german-speaking exiles.",rapport
Graduate student,i'm happy to assist you further.,rapport
Graduate student,i'm here to help.,rapport
Undergraduate student,i'm more than happy to help you with that question.,unsure
Undergraduate student,i'm here to help you with any research or questions you have.,rapport
Undergraduate student,"hello robert hollaway,

i'm happy to help you with your question about the origins of yale university's sports teams' nickname, the bulldogs.",rapport
Undergraduate student,i'm happy to assist you in person or via email.,rapport
Undergraduate student,i'm happy to assist you with your question about boulder's population.,rapport
Undergraduate student,"hello clarence,

i'm delighted to assist you with information about the billy ireland cartoon library & museum at ohio state university.",unsure
Undergraduate student,"hello bradley,

i'm happy to assist you in exploring the fascinating topic of afrofuturism.",rapport
Undergraduate student,"hello james,

i'm happy to help you with that.",rapport
Undergraduate student,"hello larry,

i'm happy to help you with your question.",rapport
Undergraduate student,i'm delighted to assist you with your question.,unsure
Undergraduate student,"please note that these figures are estimates based on the available data, and i'm happy to provide more information if you need it.",rapport
Undergraduate student,"dear martha,

i'm happy to help you with your question about the university of california, berkeley's sports teams' nickname, the golden bears.",rapport
Undergraduate student,i'm happy to help you with your question.,rapport
Undergraduate student,i'm happy to help you with that question.,rapport
Undergraduate student,"dear giovanni,

i'm happy to help you with your question about the origin of the university of iowa's sports teams' nickname, the hawkeyes.",rapport
Undergraduate student,i'm happy to help you with your question.,rapport
Undergraduate student,i'm here to help.,rapport
Undergraduate student,i'm more than happy to help you with your question about the origin of the fighting irish name.,unsure
Undergraduate student,i'm here to help you navigate our resources and find the information you need.,rapport
Undergraduate student,i'm happy to help you explore the origins of the hurricanes nickname.,rapport
Undergraduate student,"dear lena,

i'm happy to help you with your question about the origin of the name ""crimson"" for harvard university's sports teams.",rapport
Undergraduate student,"hello jessica,

i'm happy to help you with your question about the origins of the university of georgia's athletic teams nickname, the bulldogs.",rapport
Undergraduate student,"good day mr. hassan, 

i'm happy to assist you in finding information about the a.s. williams iii americana collection here at the university of alabama libraries.",rapport
Undergraduate student,i'm more than happy to help you with that question.,unsure
Undergraduate student,"hello lindsey,

i'm delighted to help you with your question.",unsure
Undergraduate student,"hello bernadine,

i'm happy to help you with your question.",rapport
Undergraduate student,"dear tena,

i'm happy to assist you in finding information about the international digital ephemera project.",rapport
Undergraduate student,i'm here to help you navigate our resources and find the information you need.,rapport
Undergraduate student,i'm happy to assist you with your question.,rapport
Undergraduate student,i'm more than happy to assist you with your request about the benson latin american collection.,unsure
Staff,"dear jacob,

i'm happy to help you with your question about the origins of yale's mascot, the bulldogs.",rapport
Staff,"hello lani,

i'm happy to help you with your question.",rapport
Staff,"dear roy,

i'm happy to provide you with information about the origins of the university of oklahoma's sports teams' name, the sooners.",rapport
Staff,"hello raymond,

i'm happy to help you with your question.",rapport
Staff,"the hill collection is a significant archive of 19th-century pacific voyages, and i'm sure we can help you locate some excellent resources.",unsure
Staff,i'm here to help.,rapport
Staff,i'm happy to help you with your question.,rapport
Staff,"- in 1993, the estimated population of new york city was approximately 7,322,564, but the u.s. census bureau's official 1990 census reported a population of 7,322,564, and i'm assuming you would be referring to this number.",unsure
Staff,"hello toney shannon,

i'm happy to help you with that request.",rapport
Staff,i'm delighted to assist you in finding information about the bancroft poetry archive.,unsure
Staff,i'm here to help.,rapport
Staff,"i'm more than happy to help you understand the origin of the name ""sooners.""",unsure
Staff,"dear michelle muniz,

i'm happy to help you with your question about the origin of the term ""big red"" for cornell university's sports teams.",rapport
Staff,i'm here to help.,rapport
Staff,"dorothy,

according to the united states census bureau, the population of new york city in 1960 (the closest available data to 1963) was approximately 7,781,984. by 1990 (the closest available data to 1993), the population was approximately 7,322,564. these numbers might be a bit old, but i'm happy to provide you with this information from the nyu libraries' resources.",rapport
Staff,i'm here to help.,rapport
Staff,"dear thomas,

i'm happy to help you with your question about the origin of the term ""buckeyes"" for ohio state university's sports teams.",rapport
Staff,"dear annabelle,

i'm happy to help you uncover the origins of the name ""bulldogs"" for yale university's sports teams.",rapport
Staff,i'm happy to help you with that information.,rapport
Staff,i'm here to assist you.,unsure
Staff,i'm here to help you navigate our resources and find the materials you need.,rapport
Staff,"hello peter,

i'm happy to help you with your question about the origins of the university of arizona's athletic teams' nickname.",rapport
Staff,i'm here to help.,rapport
Staff,"however, i'm not aware of an exact population figure available for that specific year.",unsure
Staff,i'm happy to help you find the answer to your question about the origins of the golden bears name.,rapport
Staff,"dear oliver,

i'm more than happy to assist you with your research on the bizzell bible collection.",unsure
Staff,i'm happy to help you with that information.,rapport
Staff,"dear brenda,

i'm happy to help you with your question about the origin of harvard university's athletic team name, the crimson.",rapport
Staff,"your question about the origin of the lsu tigers is a popular one, and i'm happy to help you dig deeper.",rapport
Staff,"good day destiney,

i'm happy to assist you with your inquiry.",rapport
Faculty,i'm happy to assist you with your inquiry.,rapport
Faculty,i'm happy to assist you with your research on numismatics.,rapport
Faculty,"dear professor craver,

i'm happy to help you with your question about the origins of the hawkeyes name.",rapport
Faculty,"dear andrea,

i'm happy to help you with your inquiry.",rapport
Faculty,"dear professor montoya,

i'm happy to help you with your question about the origin of the university of michigan's sports teams' name.",rapport
Faculty,i'm happy to help you with the information you requested.,rapport
Faculty,"hello professor shaw,

i'm happy to assist you with your request.",rapport
Faculty,i'm happy to help you with your inquiry about the origins of nyu's sports teams name.,rapport
Faculty,i'm more than happy to assist you with your research request.,unsure
Faculty,"hello dr. all other names,

i'm happy to help you with your question about the origins of the university of colorado boulder's mascot, the buffaloes.",rapport
Faculty,"dear professor sun,

i'm happy to help you with your inquiry about the university's sports teams' name, the hurricanes.",rapport
Faculty,"dear professor carbert,

i'm happy to assist you in finding information about the beldner (lynn) punk music photograph collection.",rapport
Faculty,"dear professor hill,

i'm happy to provide you with the historical population data for university park, pennsylvania.",rapport
Faculty,"hello jesse,

i'm happy to help you with your request.",rapport
Faculty,"dear professor casillas,

i'm delighted to help you with your inquiry about the origins of princeton university's athletic team name.",unsure
Faculty,i'm more than happy to help.,unsure
Faculty,"i'm happy to assist you with your inquiry about the population of norman, oklahoma.",rapport
Faculty,i'm more than happy to help you with your question about the origin of the gators' nickname.,unsure
Faculty,"hello professor kennedy,

i'm happy to help you with your inquiry.",rapport
Faculty,"cher, i'm happy to help you with that question.",rapport
Faculty,i'm here to assist you.,unsure
Faculty,"hello professor rose,

i'm delighted to assist you.",unsure
Faculty,i'm so glad you reached out to me for assistance.,unsure
Faculty,i'm more than happy to assist you further.,unsure
Faculty,"dear professor mann,

i'm happy to help you with your inquiry about the origin of columbia university's sports team name.",rapport
Faculty,"i hope this information is helpful, and i'm happy to provide further assistance if you need it.",rapport
Faculty,i'm happy to assist you in finding information about the ken wolfgang collection: films in time.,rapport
Faculty,i'm here to help.,rapport
Faculty,i'm happy to assist you with your question.,rapport
Faculty,i'm happy to assist you.,rapport
